"Time / s","Vm1:Measured voltage"
0,0
4.2632564145606007e-18,-3.7895612573871653e-13
0.00016358921188368443,-10.358517195790402
0.00033634866290878015,-15.283299467434086
0.00054733467260322335,-17.170424212871847
0.0007910983266381916,-16.890423586498308
0.0010748493287670113,-15.412522235882717
0.0014128905181780504,-13.332175622388796
0.001826553724318775,-10.978920071848725
0.002351065433767991,-8.5244917486959881
0.0030465842695693362,-6.0813364865094446
0.0040016105718859319,-3.8214918664862654
0.0049999999999998579,-2.3478449189559045
0.0050000000000000001,-2.3478449189557451
0.0060000000000000001,-1.4331552709169708
0.0068475284501161504,-0.94629437983592324
0.0075782794619531687,-0.66749455205286345
0.0083481704218753908,-0.46005389696297666
0.0092747852169951708,-0.29116046078288327
0.01027478521699517,-0.17254784981298418
0.011213699798039697,-0.10062273695413235
0.01200948606523132,-0.069478253708901552
0.012751998848620931,-0.050866931164589686
0.01358339953412243,-0.033585289096832491
0.014558193798598769,-0.016993126745162151
0.014999999999999573,-0.017127907452041027
0.014999999999999999,-0.017127907452039057
0.015998225476184579,-0.0085647646890501632
0.01699822547618458,-0.00045994214403258932
0.017996487125874209,0.011173617452012827
0.018833344102902251,0.0095703454961868911
0.019558280947189283,0.0025488626785474117
0.020333017005858149,0.00097923454220920358
0.021270540965926916,0.0029131380357442851
0.022270540965926917,0.0086093936989890471
0.023201451240817111,0.013755990242409144
0.023991770890003733,0.007903313418807692
0.024736830861665036,0.0032532533735860208
0.02499999999999929,0.0011126665645157527
0.025000000000000001,0.0011126665645124032
0.02583939960389766,0.00093252001474542975
0.026839399603897661,0.0024254170392635499
0.027839399603897662,0.0059715377608197326
0.028839399603897663,0.014509651875225488
0.02968790455393238,0.012672666004440336
0.030419861575548445,0.004858355324911752
0.031189948119964239,0.0024269174316804837
0.032115314934968407,0.0036107983727237496
0.033115314934968408,0.0087427573482144749
0.034054518539355878,0.014250145326043961
0.034092017648960561,0.012005284265395095
0.034092017648961546,47.991142418179869
0.034405337769880751,40.365957210344718
0.034718657890799955,34.406549053657677
0.034999999999999004,29.934498221059854
0.034999999999999996,29.934498221045256
0.035439062645160981,24.152774242578371
0.035999410476878782,18.389723082908343
0.035999410476879809,-28.556253515154744
0.036426471841977101,-23.0048644706484
0.036853533207074393,-18.651865985540493
0.037502153097064457,-13.601716584780785
0.038347333983562604,-9.0204753247215557
0.039347333983562605,-5.5533083572721074
0.040347333983562605,-3.4278462209128855
0.041259756746157283,-2.2117568209351632
0.042037083824422596,-1.5123575097197348
0.042787748717893662,-1.0470442496075085
0.043645958348648373,-0.69135775696074731
0.044637308691755029,-0.43497338379473094
0.044999999999998722,-0.35832704217315453
0.044999999999999998,-0.35832704217292044
0.045979569659744819,-0.22675833801273695
0.04697956965974482,-0.15008316810813516
0.047916773418914337,-0.10902851122440824
0.048711542860204259,-0.072175068221478705
0.049454734610203048,-0.046444666871636876
0.050287810430804186,-0.031633793522512943
0.051263453551966348,-0.026085824939462432
0.052260356358591879,-0.032131824431976097
0.053118873061079985,-0.027203755349230779
0.053383839847778086,-0.0067113349023426062
0.053383839847779613,47.994100433574367
0.053705783188212258,40.180239081186642
0.054027726528644904,34.106138352476066
0.05448305618382171,27.253708249913426
0.054999999999998439,21.183367209903942
0.055,21.183367209887844
0.055562411262677233,16.114422483598862
0.056562411262677234,9.9130450599788631
0.056710459977173257,9.2226141001819624
0.056710459977174894,-38.24591060617918
0.057054451534230853,-31.823921111542013
0.057398443091286812,-26.779136474510679
0.057907318806019153,-20.869817360025142
0.058541595433510923,-15.327214567123624
0.059415506497305912,-10.024195907870297
0.060415506497305912,-6.1705967034978162
0.061415506497305913,-3.8073381079011184
0.06233094789391553,-2.4520251118251619
0.063110390441694822,-1.6754796621075407
0.063860127414648055,-1.1607295508942317
0.064715240979339617,-0.76733304425067661
0.064999999999998156,-0.66565076659911238
0.065000000000000002,-0.66565076659850542
0.065989460818853624,-0.41415224244852961
0.066989460818853624,-0.26124691197963479
0.067989460818853625,-0.17643779571576018
0.06885551849607896,-0.12282184827115375
0.069600041887060649,-0.079726469697788821
0.070364878516701007,-0.053162359939668759
0.07127161895588166,-0.037012385769015818
0.072271618955881661,-0.032691906132065005
0.072884595235436347,-0.010676652602821631
0.072884595235438429,47.982047234375479
0.073204512235911554,40.215195976689756
0.073524429236384678,34.169450443614529
0.073979606462146949,27.305518595317551
0.074540720103236036,20.772882478634461
0.07499999999999786,16.614300097832864
0.074999999999999997,16.614300097815601
0.075761809298195981,11.473020125524638
0.076761809298195982,7.0575396350111097
0.077212803429679622,5.6655952539333416
0.077212803429681842,-42.004906629684498
0.077542856157299458,-35.121764504559685
0.077872908884917075,-29.728202908714813
0.078356343720230565,-23.445155276464195
0.078954280191067983,-17.52292081832346
0.079774327335735612,-11.763116387897757
0.080774327335735613,-7.2394535343185087
0.081774327335735614,-4.4630396350320467
0.082718878496201104,-2.8345645133174084
0.08351864484290239,-1.9202627262329097
0.084259504790190884,-1.3354935309086957
0.084999999999997577,-0.93015062528391512
0.084999999999999992,-0.93015062528280446
0.085825799710232173,-0.62283311810022579
0.086825799710232174,-0.38626464147122086
0.087825799710232175,-0.24526043715200349
0.088825714764147495,-0.16941944260104078
0.089663703749414486,-0.11635092634818836
0.090388160695798234,-0.074993819429246891
0.091161392437577468,-0.050208920276349822
0.092097889976795549,-0.035485147983687682
0.092468785308085819,-0.013089190292789932
0.092468785308088455,47.96548845670457
0.092784114679790627,40.302192789262371
0.0930994440514928,34.319455456073385
0.093554118160435976,27.430110459322364
0.094112126310684746,20.898774917554341
0.094869977366009897,14.45860194773428
0.094999999999997295,13.572481948260652
0.095000000000000001,13.572481948242789
0.096000000000000002,8.3505009415990266
0.097000000000000003,5.1419372403219272
0.097631969719131392,3.7721494064999903
0.097631969719134168,-44.003089678949422
0.097959156814702075,-36.809171744715464
0.098286343910269983,-31.187894436330204
0.098759553924853055,-24.714499507758575
0.099344600726962218,-18.586631866175217
0.10014432637721851,-12.60065254177324
0.10114432637721851,-7.754442348383928
0.10214432637721851,-4.7794081397137473
0.10309626724364611,-3.0242362413106916
0.10390115932839183,-2.0443099923095263
0.10463978056107733,-1.423283833655415
0.10499999999999703,-1.1912018844382906
0.10500000000000001,-1.191201884436548
0.10581853120626207,-0.80028469703145499
0.10681853120626207,-0.49420094534849845
0.10781853120626207,-0.30872205958444987
0.10881853120626207,-0.20137866561355267
0.10974097226734185,-0.14122003915477099
0.11052536528699049,-0.093544999489186265
0.11127300485707488,-0.061716722030661378
0.11209992811190933,-0.042630737944424318
0.11209992811191252,47.963690395278306
0.11241373601826524,40.324181149784842
0.11272754392461795,34.36036558307287
0.11318097332898962,27.477764327240909
0.11373677581279473,20.957160573167609
0.11449132964415834,14.522173214432303
0.11499999999999673,11.340049278719498
0.115,11.340049278701443
0.11600000000000001,6.9756923113244467
0.11700000000000001,4.2922375844422396
0.11800000000000001,2.6440370795777022
0.11800447710900649,2.6382059281812995
0.11800447710900988,-45.219360831295916
0.11832564373295117,-37.917256348257752
0.11864681035689245,-32.210619915782054
0.11911266632704522,-25.611236172703322
0.11968619615512355,-19.367943162728043
0.12046845517250407,-13.241945218111821
0.12146845517250407,-8.1487874833851723
0.12246845517250407,-5.0217197543578855
0.12342515247108701,-3.1698716711928081
0.12423333641740886,-2.1397473396238733
0.1249705207439756,-1.4907773962307143
0.12499999999999645,-1.4690070260304438
0.125,-1.4690070260278425
0.12581389248111552,-0.98913684240085875
0.1267993412594485,-0.61864049228440599
0.1277993412594485,-0.3953816077331701
0.1286754303580524,-0.2663867664796099
0.12942710051211187,-0.17948625369618379
0.13018889756516258,-0.12191443995681919
0.13108502077613124,-0.081366128174506697
0.13176123815485341,-0.054746113441049071
0.13176123815485719,47.942116939596183
0.13207571554852149,40.294849908079414
0.13239019294218579,34.325353454769882
0.13284412034507842,27.443770185074705
0.13340083855393248,20.92206740845365
0.1341567512556959,14.488314493665925
0.13499999999999618,9.6172048437523951
0.13500000000000001,9.6172048437344699
0.13600000000000001,5.9185969430164258
0.13700000000000001,3.6483022392388436
0.13799420926382988,2.2684913142453249
0.13834715489541843,1.8791133531684396
0.13834715489542312,-45.993060256620389
0.13867804648020116,-38.36630072122707
0.13900893806497919,-32.440153171892874
0.13947474271292068,-25.79830471494957
0.14005375888353258,-19.458202084947001
0.14084250477325674,-13.261909522354616
0.14184250477325674,-8.1611040299809368
0.14284250477325675,-5.0293847634185722
0.14379742625509784,-3.1772757481405454
0.14460438034864259,-2.1458863238218022
0.14499999999999588,-1.7614218892852973
0.14499999999999999,-1.7614218892817333
0.14573771894989593,-1.2296571879010567
0.14673771894989593,-0.75883243634663022
0.14773771894989593,-0.4727827913902754
0.14873771894989593,-0.3054136546733156
0.14961683236698778,-0.20764390857435314
0.15037065375216413,-0.13870509257062896
0.15113153202241097,-0.093724986793042031
0.15144323658843584,-0.073502545774405195
0.15144323658844017,47.916455826474376
0.15175727528445707,40.284660134869263
0.15207131398047397,34.324491822359818
0.15252542197135455,27.440644130832759
0.1530820940898811,20.920154481794206
0.15383805066772227,14.486681823042607
0.15483805066772227,8.914321059018512
0.15499999999999556,8.2375758871534721
0.15499999999999997,8.2375758871357618
0.15599999999999997,5.0718201450386671
0.15699999999999997,3.1318286355533709
0.15791054472038576,2.0234384953276976
0.1586695353259463,1.396040933023508
0.15866953532595079,-46.545324210930275
0.15899612373457198,-38.891660912546087
0.15932271214319316,-32.945131040837282
0.15978392416799686,-26.25458141770207
0.16035542546334253,-19.873908421328931
0.16113281802969731,-13.619966061107332
0.16213281802969731,-8.3812814807716833
0.16313281802969731,-5.1646775405171113
0.16409040273481346,-3.2583421467148375
0.1648991987767858,-2.1988975058172717
0.16499999999999529,-2.0895671461102951
0.16499999999999998,-2.0895671461053671
0.16573691524341511,-1.4573526733752691
0.16661486593846514,-0.95292333333199242
0.16761486593846514,-0.59423229572027392
0.16860388688418868,-0.38526308258616593
0.16943441285688193,-0.25978082625470267
0.17016205000847948,-0.17618751352599457
0.17094526892403503,-0.11946206754000542
0.17113984788943656,-0.10367684525370138
0.17113984788944145,47.887669368589641
0.17145389318872803,40.259892453087659
0.17176793848801461,34.303148463924536
0.17222205680950911,27.42340211530151
0.17277874387690959,20.906850472792659
0.17353472379340207,14.47730474634495
0.17453472379340207,8.9085534542504838
0.17499999999999502,7.1024056134340894
0.17499999999999999,7.1024056134169236
0.17599999999999999,4.3702928899167359
0.17699999999999999,2.6923296269257708
0.17799999999999999,1.666296038986389
0.17894280622551564,1.0681124480815498
0.17897775978363872,1.047134121670046
0.17897775978364383,-46.927942596876875
0.17930363764958285,-39.215151123776316
0.17962951551552186,-33.227193724078695
0.18008863438453299,-26.505051349810277
0.18065742594408388,-20.089626670157333
0.1814304788969853,-13.79678637444818
0.1824304788969853,-8.4900233418370128
0.1834304788969853,-5.2315225971962827
0.1843888639419437,-3.2990980217977071
0.18499999999999475,-2.4384932499661067
0.185,-2.4384932499598082
0.18580934885229777,-1.6454069936704676
0.18680934885229777,-1.0176275113052167
0.18780934885229777,-0.63940435581417832
0.18870274638930712,-0.42408254660986583
0.18946669165237656,-0.28799192575454796
0.19022320832326839,-0.19692862588293508
0.19084679958772152,-0.14295620056133018
0.19084679958772696,47.850588543991854
0.1911608451557619,40.228034962849165
0.19147489072379684,34.275790111816342
0.1919290069687615,27.401487977828786
0.19248569190758275,20.890152171315343
0.19324166811084509,14.465766830467414
0.19424166811084509,8.901456731692079
0.19499999999999446,6.1562028107086793
0.19500000000000001,6.1562028106920268
0.19600000000000001,3.7908688671965227
0.19700000000000001,2.34214201954368
0.19793993962240389,1.4973576445244161
0.19873652670716649,1.0149531199594632
0.19927618304202835,0.7726089729422484
0.19927618304203401,-47.187373356252444
0.1995964875186729,-39.551389716383682
0.19991679199531179,-33.602353181614369
0.20037469363210095,-26.817889469594892
0.20093901588170257,-20.370447513325566
0.2017061110019247,-14.030091891172024
0.2027061110019247,-8.6335048255419693
0.20370611100192471,-5.3197275500846253
0.20466545679351714,-3.3529750124885638
0.20499999999999416,-2.8364113095423087
0.20499999999999999,-2.836411309534145
0.20581001213285971,-1.9132964033441913
0.20675881772479257,-1.2113528370933153
0.20775881772479257,-0.75890131127470517
0.20864776809482022,-0.50210874158399876
0.20940856454977769,-0.34212696780941965
0.21016643916405153,-0.23436799689390997
0.21056084727440194,-0.18618380094742429
0.21056084727440794,47.796834241095155
0.21087516910642373,40.180294006513293
0.21118949093843953,34.231626253817986
0.21164411933617636,27.359834391490171
0.21220151742942958,20.851280110543662
0.21295861929622004,14.430976594345914
0.21395861929622004,8.8800594880075288
0.21495861929622004,5.4713279626117144
0.21499999999999386,5.3608020533616099
0.21499999999999997,5.3608020533454823
0.21596036636129731,3.3748612230217137
0.21679705929149498,2.2500273257726171
0.21755278705201178,1.5544843007799705
0.21835544425851205,1.0520248162261441
0.21928731918458441,0.67308538095715598
0.21956815390991158,0.57082149235299962
0.21956815390991785,-47.378135029864168
0.21988575219139361,-39.770785338371418
0.22020335047286937,-33.83326889081156
0.22066065902894116,-27.008933343458811
0.22122281590675349,-20.536935060057584
0.22198702092135397,-14.164584713858238
0.22298702092135397,-8.7162208645866315
0.22398702092135397,-5.3705861782653272
0.22494673759010286,-3.3843026399485527
0.22499999999999359,-3.2940875563866716
0.22499999999999998,-3.2940875563760423
0.22581026786177164,-2.2216488842302868
0.22657704044876961,-1.5279203793701781
0.22741629921190418,-1.0171032383344547
0.22837085534490237,-0.64558364052331352
0.22934270438600182,-0.41544863747432648
0.23020357596682212,-0.27890105077598804
0.23027934859041005,-0.26370712381201367
0.2302793485904166,47.742687546414537
0.23060036198505782,39.987428930622592
0.23092137537969903,33.956946609239004
0.23137679547446302,27.132641097407969
0.23193878740663176,20.632597717727439
0.23270177028651456,14.238996274950006
0.23370177028651457,8.7619873684785912
0.23470177028651457,5.3987303425619286
0.23499999999999324,4.663419565341707
0.23499999999999993,4.6634195653264561
0.23595983545044139,2.9299513978658975
0.23695983545044139,1.8158616340737026
0.23785024361782398,1.187583529026462
0.23861206213126021,0.8153861350043865
0.23936948127519003,0.56189552439030244
0.23985644946073792,0.43727056084369226
0.23985644946074475,-47.533007784653265
0.24017134976461832,-39.950394950971258
0.24048625006849189,-34.027632564265055
0.24094193994678847,-27.183434699087542
0.24150081998743173,-20.702104342901425
0.24226025806081103,-14.311521339671062
0.24326025806081103,-8.8065887544986747
0.24426025806081103,-5.426146315747256
0.244999999999993,-3.7837941303008682
0.24499999999999997,-3.7837941302879385
0.24596019008997694,-2.3791467216984263
0.24693160004919923,-1.4971208476043369
0.24778669075892959,-0.99293371596831836
0.24854681423806263,-0.68228303638187793
0.24933555360754026,-0.46412234743269898
0.24999999999999645,-0.3344381079640989
0.25000000000000355,47.649533533890768
0.25031450696127561,40.052309741998357
0.25062901392254766,34.119500821742577
0.25108393355635839,27.266414687822419
0.25164175283407136,20.775855663296831
0.25239951304773267,14.374187560453121
0.25339951304773267,8.845130735988997
0.25439951304773267,5.4498462943037271
0.25499999999999273,4.0634039990398643
0.255,4.0634039990254447
0.25596032019898457,2.5509839811260666
0.25696032019898457,1.5772214055288971
0.25794797417915938,0.99366708890760125
0.25877754483305399,0.66629129343097859
0.25950556696070304,0.46159484704717446
0.26014355053925509,0.33629022333521191
0.26014355053926252,-47.649529931007045
0.260458864307408,-40.034842193689542
0.26077417807555348,-34.091366753049769
0.26122921287063067,-27.242779223539806
0.26178760682401625,-20.752127379979825
0.26254611182457749,-14.352590663691238
0.26354611182457749,-8.8318480771441195
0.26454611182457749,-5.4416791183685733
0.26499999999999246,-4.3567575233965403
0.26500000000000001,-4.3567575233804936
0.26596026496347708,-2.7350154128612578
0.26696026496347708,-1.6904430803799055
0.2679472457221681,-1.064021454986023
0.26877635258516902,-0.71339446509272841
0.26950457090087682,-0.4946493679380552
0.26972065140958662,-0.4394353617686112
0.26972065140959428,47.53594248734148
0.27003632008300549,39.935241358235331
0.27035198875641669,34.001816075508465
0.27080766997818079,27.163175419825379
0.27136696858558274,20.682516702071595
0.2721268988057905,14.29457114822795
0.2731268988057905,8.7961639157693696
0.2741268988057905,5.4197362799608992
0.2749999999999922,3.5504514613792777
0.27500000000000002,3.5504514613654305
0.27596014804283597,2.2428050440652689
0.27676471976424383,1.5160207098900893
0.27749630496497868,1.0574195690576844
0.27830854500253605,0.71253991749882051
0.27927668133694711,0.45055304066031326
0.28027668133694711,0.29150681546196944
0.28043184609008376,0.25439437100622436
0.28043184609009175,-47.734460536372112
0.28075531210415944,-39.934859249481491
0.28107877811822712,-33.874464670811761
0.28153533228520522,-27.053558096380254
0.28209994289389689,-20.546676131690859
0.28286664869576833,-14.154145695846314
0.28386664869576833,-8.7098070798617115
0.28486664869576833,-5.3666581921602852
0.28499999999999193,-5.0256206861531698
0.28500000000000003,-5.0256206861331689
0.28595937095060892,-3.1621987456352372
0.28685605979529721,-2.0533079523697628
0.28765740585366828,-1.390030056456095
0.28844187665745336,-0.94798711455500062
0.28930681526994512,-0.62457990305558908
0.28943915272559101,-0.58061661683979437
0.28943915272559922,47.386784431219994
0.28975517492357961,39.805073883440741
0.29007119712155999,33.886061563883075
0.29052751476906352,27.062743034904596
0.29108770663391814,20.597209028222121
0.29184904244336135,14.225917922729423
0.29284904244336135,8.7539394170538802
0.29384904244336135,5.393771161626824
0.29480906260633755,3.3983695606846038
0.29499999999999166,3.0870854399472667
0.29500000000000004,3.0870854399343726
0.29581047738553778,2.0819005343089598
0.29666194916322042,1.3781310818194998
0.29757794457003806,0.88808549514993096
0.29850352600316854,0.57438812328616007
0.29936799355424304,0.3818441220558475
0.30017594555740007,0.25755346871682366
0.3007238169579674,0.19063664592048013
0.30072381695797595,-47.798710273602332
0.30104031607560006,-40.134198818172841
0.30135681519322416,-34.156383421683771
0.30181170649162248,-27.29717241558885
0.30237060295510571,-20.788580582485267
0.30312962625379702,-14.374195121963965
0.30412962625379703,-8.845137336985939
0.30499999999999139,-5.7960898974831121
0.30500000000000005,-5.7960898974585646
0.30600000000000005,-3.5746244422628992
0.30695672689645837,-2.2608336656241321
0.30776495307778567,-1.5259636105486003
0.30850214944315724,-1.0618119253084626
0.3091532004122714,-0.77214645310676
0.30915320041228017,47.188465803601552
0.30946923955912842,39.64028024425923
0.30978527870597666,33.746161155935702
0.31024221910521571,26.943055716718721
0.31080310155785101,20.499299812214023
0.31156559425756497,14.150357912212545
0.31256559425756497,8.7074664214042752
0.31356559425756497,5.3651921935105431
0.31452550071871255,3.3806235376269673
0.31499999999999106,2.6699659262325302
0.315,2.6699659262208035
0.31581039919659354,1.8007107554416633
0.31681039919659354,1.1127920824979292
0.31781039919659354,0.69706874007020714
0.31871578432363856,0.45997270569490811
0.31948819040346371,0.31208449373183661
0.3202410388425096,0.21366029443341078
0.32102224021635417,0.14781459314696474
0.32102224021636327,-47.852710876557659
0.3213361820350667,-40.22984537584086
0.32165012385377012,-34.278354060897115
0.32210398294602582,-27.40669406580005
0.32266032927507921,-20.897497102432371
0.32341576320929877,-14.474654712002861
0.32441576320929877,-8.9069228233319588
0.3249999999999908,-6.7022233611410931
0.32500000000000001,-6.7022233611110478
0.32600000000000001,-4.1241135131511628
0.32700000000000001,-2.5408226993456213
0.32800000000000001,-1.5728959305090446
0.32886015211055636,-1.0512007916754715
0.32886015211056568,46.932493659510591
0.32918184896744229,39.301862734239208
0.3295035458243189,33.366062187811579
0.3299614440789686,26.629335992811392
0.33052654303770673,20.219594809352664
0.33129455721651774,13.919987039423185
0.33229455721651774,8.5657845210644776
0.33329455721651774,5.2780809381292135
0.33425376704404597,3.3270562281241745
0.33499999999999047,2.308566632483454
0.33500000000000002,2.3085666324724246
0.33580991872470617,1.557257732325708
0.33668457994451717,1.0206103589038509
0.3376218938773925,0.65394821630484001
0.33853913480342879,0.42729775415121468
0.3393763138564449,0.28666483641661505
0.34017063182923218,0.19376783481621049
0.34100715874257181,0.13006098354449827
0.34133046467404882,0.10017020261341741
0.34133046467405859,-47.883613924718766
0.34164547642353443,-40.238480039317864
0.34196048817301028,-34.269880449272691
0.3424150763092153,-27.391298339711202
0.34297281383611172,-20.871882090002106
0.34373029673620875,-14.442570302520179
0.34473029673620875,-8.8871910382525119
0.3449999999999902,-7.7926773074304521
0.34500000000000003,-7.7926773073931788
0.34600000000000003,-4.7964723501480826
0.34700000000000003,-2.9583545895079659
0.34798810348062281,-1.8479189774257196
0.34855676341156211,-1.3849944014898568
0.34855676341157199,46.538698626365765
0.34888539477393193,38.850362133183737
0.34921402613629188,32.879855379923086
0.3496763262223036,26.190136452980958
0.35025018444626493,19.802739621015704
0.3510309542397953,13.549002313112977
0.3520309542397953,8.3376482720037561
0.3530309542397953,5.1378760515397053
0.35398780995362528,3.2426003115545581
0.3547961018199734,2.1887494874700226
0.35499999999998993,1.9753758237317705
0.35500000000000004,1.9753758237218326
0.35573713496957676,1.3784389056685082
0.35668764156062815,0.87166307283891653
0.35768764156062816,0.5450748762531753
0.35865770431467386,0.35661826488473036
0.35947519416602747,0.24037019531284032
0.36020844269667557,0.16306492955550284
0.36100946301752129,0.11012619273593882
0.3616528451045764,0.077495567424943984
0.36165284510458912,-47.917858428822221
0.3619667740841459,-40.286483958641327
0.36228070306370269,-34.327318975562477
0.36273460623508363,-27.445412552979224
0.36329099362767359,-20.92663351398738
0.36404650046441078,-14.494325836017019
0.36499999999998967,-9.1213962324822173
0.36500000000000005,-9.1213962324360658
0.36600000000000005,-5.6173264857380696
0.36700000000000005,-3.4719247979192742
0.36785467321471749,-2.2974630768109154
0.3682387618451442,-1.8882337322704736
0.36823876184515464,46.001436833318756
0.36856631339312934,38.434396853972984
0.36889386494110404,32.5477428821847
0.36935826904225194,25.899538619899708
0.36993383649420725,19.566908865330113
0.37071775218843761,13.367250314354784
0.37171775218843761,8.2258705208081491
0.37271775218843761,5.0691575905318365
0.37367393650352121,3.2004242682632342
0.37448176457565852,2.1607079031991208
0.37499999999998934,1.6703482300323134
0.375,1.6703482300235664
0.37573733805381798,1.1664770112944058
0.37673733805381798,0.71939106149654142
0.37773733805381798,0.44711865134171142
0.37873733805381798,0.28623034260869978
0.37966422760937457,0.19540829359992051
0.38045173354289835,0.13064069730136713
0.38119801522010266,0.08741900766404942
0.3819955228909882,0.060581981371695896
0.38199552289099908,-47.94476328489862
0.38230940769475519,-40.30694741450192
0.38262329249851129,-34.344518650247402
0.38307680643821063,-27.464032821163666
0.383632743940024,-20.945330533186361
0.3843875042006733,-14.512523866642489
0.38499999999998907,-10.774928784273946
0.38500000000000001,-10.774928784216662
0.38600000000000001,-6.628193807377329
0.38700000000000001,-4.078727743297458
0.38790007188808906,-2.638377402121062
0.38790007188810005,45.221308448747379
0.38822036788586434,37.935405149847526
0.38854066388362862,32.239185286680659
0.38900624097259812,25.63696188287366
0.38957897016098886,19.394845861175664
0.39036013179355544,13.267391541678153
0.39136013179355544,8.1644337819293558
0.39236013179355544,5.031330937746155
0.39331707945632827,3.175543967600678
0.39412543657600541,2.14341691150576
0.39486254541901372,1.4933860635873033
0.3949999999999888,1.3947759092456529
0.39500000000000002,1.3947759092379162
0.39581364918091283,0.93924597851464342
0.39681364918091283,0.5821757040777793
0.39781364918091283,0.36888769500904656
0.39874752496183613,0.24788705021256824
0.39953991101139963,0.16649816560419101
0.4002840646881447,0.11223951037483339
0.40112048642571829,0.075502314498049353
0.40209829609009107,0.053533660198918948
0.40236803028086859,0.026426113639382645
0.40236803028088003,-47.949943921102097
0.402685922961109,-40.235891241937807
0.40300381564133797,-34.221487183026774
0.40345915402536714,-27.344390556618247
0.40401931641023942,-20.811967777516422
0.40478008553745543,-14.378202744198292
0.40499999999998854,-12.919708987647654
0.40500000000000003,-12.919708987575467
0.40600000000000003,-7.9483105911638541
0.40700000000000003,-4.8929037947177152
0.40753121469190839,-3.7668648887492995
0.40753121469191994,44.001237002410136
0.40785653049387849,36.845572795654945
0.40818184629583704,31.247213812916893
0.40865493138466102,24.762440749871899
0.40923875964325029,18.633605030156602
0.4100369736957819,12.641754086676036
0.4110369736957819,7.7797117866541363
0.41203697369578191,4.7949236927874512
0.41298944171741642,3.0332733344068106
0.41379469906755278,2.0500985059419015
0.41453316102460713,1.427415184235973
0.41499999999998827,1.1339889068670215
0.41500000000000004,1.1339889068604916
0.41581801553261172,0.76202349135020186
0.41681801553261172,0.47012925840505027
0.41781801553261172,0.29261448131751566
0.41881801553261172,0.18832256431687966
0.41980147085751407,0.13418261372048826
0.42062818489515869,0.091705845241768419
0.42135746765828075,0.058423257130567938
0.42214585665462473,0.039054962551244875
0.42278719657031327,0.025779030209710962
0.42278719657032526,-47.97281662374359
0.42310099535285489,-40.334433664475988
0.42341479413538452,-34.369991758376166
0.42386845793419459,-27.482563273649944
0.42442451152584848,-20.958317374461615
0.42499999999998794,-15.842023244219886
0.42500000000000004,-15.842023244126677
0.42575497999140399,-10.976065793986454
0.42675497999140399,-6.751834450030616
0.42711540476455651,-5.664259914594548
0.42711540476456872,42.006580047028898
0.4274454450008312,35.12327947531238
0.42777548523709369,29.729629840531231
0.4282588970886248,23.446528404326266
0.42885680100171825,17.524221333634667
0.42967679857769225,11.764271963584612
0.43067679857769225,7.2401638404247928
0.43167679857769226,4.4634754088757669
0.43262137047222526,2.8348131311761304
0.43342115122497626,1.920419356183581
0.43416200488550416,1.3356060718664451
0.43498778409790939,0.89451481542196709
0.43499999999998762,0.88904861270898949
0.435,0.8890486127034708
0.4359711584042183,0.56027866484982525
0.4369711584042183,0.35959061308573426
0.43784600238212706,0.24301433631325201
0.43859678687418996,0.16328427301310802
0.43935896238449912,0.11073352483925519
0.44025640119822879,0.074124482350092002
0.44125640119822879,0.055243394273255267
0.4422115931665262,0.050036057230047115
0.44301881572320956,0.033224815365628962
0.44328954002281956,0.016231462267952305
0.44328954002283222,-47.983702679259927
0.44360853873669021,-40.233635142784408
0.44392753745054819,-34.199353499329789
0.44438227705677646,-27.334540736108316
0.4449423984866373,-20.80484003836618
0.44499999999998735,-20.229699443382021
0.44500000000000001,-20.229699443257427
0.44576039361606368,-13.978652975962078
0.44661616015222194,-9.2249901803052765
0.4466161601522346,38.251055203966764
0.44695985534297095,31.830594231357846
0.44730355053370729,26.787868413616074
0.44781188514641002,20.881844497941522
0.44844538405019885,15.341793297731702
0.44931817654073308,10.039166698852092
0.45031817654073308,6.1797855074405712
0.45131817654073308,3.8129430138646296
0.45223434751739439,2.4548173681229488
0.45301430200106585,1.6770169967608695
0.45376381571715374,1.1619004798926624
0.45461818230619733,0.76836223428030159
0.45499999999998703,0.635441863599572
0.45499999999999996,0.63544186359552934
0.45598900259114838,0.39477529049443666
0.45698900259114839,0.24737735343399353
0.45798900259114839,0.16318681295932885
0.45891902098391307,0.11710092384409465
0.45970871593386992,0.077357512427837949
0.46045404590338396,0.050259989771619683
0.46129434361951432,0.034279918791470035
0.46227457650842718,0.028106063061756933
0.46326652777662991,0.033525196740093716
0.46400058952312068,0.026096281643185781
0.46400058952313389,-48.004904523864951
0.46432376924409624,-40.153920456727711
0.46464694896505859,-34.06095805696927
0.46499999999998676,-28.6127886727492
0.46499999999999997,-28.612788672563923
0.46545459382056276,-22.919195587966609
0.46590798235103231,-18.381289601736427
0.46590798235104552,28.561163096859087
0.466330869085747,23.057371136845017
0.46675375582044848,18.732368059561924
0.46740227817491437,13.66096528908928
0.46824443697000484,9.0730290040178421
0.46924443697000484,5.5856178619063153
0.47024443697000484,3.4476825587547952
0.47115756663298786,2.2238028014067135
0.47193539012275232,1.5202843300259958
0.47268583848804574,1.0526345004395761
0.47354332208302868,0.69526613702085771
0.47453422883491281,0.4374383764059358
0.47499999999998649,0.34221221900323578
0.47499999999999998,0.34221221900090132
0.4759800729209116,0.21559503620658088
0.4769800729209116,0.14039909900945924
0.47797705653159855,0.1048426727566841
0.47881304359854676,0.073131912505710023
0.47953835698387332,0.044749877438262656
0.48031425816506007,0.029492596369396204
0.48125256957985829,0.022426896113948845
0.48225256957985829,0.02486128494628527
0.48318197076802266,0.029028437983404765
0.48397123612726972,0.017319862698927879
0.4847167557529739,0.0084876916712009545
0.48499999999998622,0.0044967345716974885
0.48499999999999999,0.0044967345715822621
0.4858409194215334,0.0032912700568483288
0.4868409194215334,0.004801394745366408
0.4878409194215334,0.0096709705704135993
0.4888409194215334,0.022198992522221961
0.48970158663668306,0.020996208169578062
0.49044225977188427,0.0086281316902350469
0.49120872001996457,0.0042422896884653366
0.49212117798678173,0.0056814993886900034
0.49312117798678173,0.013594536429777621
0.49406773126797576,0.023207392826612327
0.4948689550299063,0.014477036200211874
0.49499999999998595,0.0087940525652734532
0.495,0.0087940525648038115
0.49574031725412288,0.003578391290185938
0.49665064735763426,0.0047906420810903128
0.49765064735763426,0.011572311563707915
0.49862755208264287,0.024142218162398088
0.49944977088485343,0.017490205333583725
0.49999999999998579,0.0030502031710837891
0.5,0.0030502031709187145
0.50073122747839938,0.0011652801596921652
0.50173122747839938,0.0028166048010529292
0.50273122747839938,0.0068121283844379335
0.50373122747839938,0.016478065554154625
0.50464138647627177,0.022080280737279995
0.50499999999998568,0.005704110576632733
0.505,0.0057041105763214646
0.50577577386276218,0.0029686938105068644
0.50676076734273623,0.0065263161927660573
0.50776076734273623,0.015787408590267921
0.50867875115678052,0.022309647426423079
0.5094600216842442,0.012072449106543176
0.51020902452791228,0.0052069555228600392
0.51106153075414729,0.0046763163389842849
0.51204933040537581,0.010467055053683977
0.51303281625494279,0.022789581039498824
0.51387060007986562,0.018442579639361301
0.51460799871661889,0.0073438381251535179
0.51499999999998536,0.0016920507480775266
0.51500000000000001,0.0016920507479830432
0.51578512104080243,0.00094101722099108713
0.51678512104080243,0.0022763726549947551
0.51778512104080243,0.0055066739636144557
0.51878512104080243,0.013320956870844905
0.51973482857354403,0.023274794860110026
0.52053824002130433,0.014745663773459594
0.52127760190915318,0.0059510865494915577
0.5220983142654585,0.0042653803134127879
0.5230661615366905,0.0083938759652774503
0.5240661615366905,0.020305263215070257
0.5249390831390639,0.02104513024951607
0.52499999999999258,0.016685813081700758
0.52500000000000002,-48.012306658578503
0.52509006928382895,-45.567716820285128
0.52509006928384383,1.7855351468935416
0.52541265778253499,1.6963389437661212
0.52590623676209125,1.3888055223388327
0.52651077374265853,1.0439915306168346
0.52734313919971154,0.69629561525142625
0.52834313919971154,0.42394650552973073
0.52934313919971154,0.25028683541803398
0.53028285185799051,0.14445349349118719
0.53107931583556955,0.099835892288183348
0.53182170502706438,0.073543526994691244
0.5326522959488329,0.048540022363700856
0.53362642243579006,0.023973775462525077
0.53462508705191791,-0.0012799328491198969
0.53499999999998482,0.01164573647340713
0.53500000000000003,0.011645736473587218
0.5358611914309841,0.0061009325855258256
0.53684514426386198,-0.004078200015745978
0.53781524239925316,-0.01761292683974075
0.53864718821369451,-0.014143642715398808
0.5393912259884005,-0.0050906203972719416
0.54018798703400761,-0.002926205000649898
0.54112698784557356,-0.0061124674919401795
0.54212698784557356,-0.016339313172774872
0.54303288770862945,-0.021615845505209785
0.54369331553655342,-0.0098795935711615164
0.54369331553656897,-47.99226934245236
0.54401679986982621,-40.152162099945755
0.54434028420308345,-34.059093776131284
0.54479657268467407,-27.20473767310569
0.5449999999999845,-24.632538450814099
0.54500000000000004,-24.632538450627422
0.5455643281225534,-18.717070750800044
0.54639952174788797,-12.473772142211748
0.54639952174790896,34.813142287517763
0.54676058567188679,28.790971519578051
0.54712164959586462,24.049802292272929
0.54766167002004029,18.470028381399739
0.54834105373818964,13.272392961968098
0.5492765089330498,8.4258210076925142
0.5502765089330498,5.1889722183044515
0.5512765089330498,3.2071923443244614
0.55214461757599032,2.1104858559226849
0.55289057932035113,1.4629660384597201
0.55365477203122826,1.0072424382763028
0.55455934630732018,0.65167569265987679
0.55499999999998417,0.52271772532138416
0.55499999999999994,0.52271772531732208
0.55599999999999994,0.32347385725954259
0.55699999999999994,0.20370725563161315
0.55799999999999994,0.13677584232260798
0.55892262784743674,0.09996767177614696
0.55970715248885694,0.065375868706262996
0.56045473581533811,0.042124440468571389
0.56130251092949501,0.028994450647083843
0.56228739250598803,0.025238920955032926
0.56311989898661452,0.029794469970255512
0.56311989898663051,-48.003879226970547
0.56343695420396422,-40.280989525827792
0.56375400942129794,-34.268029955966121
0.56420718984207208,-27.408169373092932
0.56476452037450453,-20.888736051775922
0.56499999999998385,-18.627523215793335
0.56499999999999995,-18.627523215647489
0.56575623003977971,-12.897930975012851
0.56675623003977971,-7.9348159711476809
0.56697592009048892,-7.1273151237374286
0.56697592009050513,40.458960660478368
0.56731127499185219,33.76730027965116
0.56764662989319925,28.518394577183312
0.56813975794755001,22.389632289072932
0.56875147979138807,16.623250069070782
0.56959231809971045,11.047333723514321
0.57059231809971045,6.7994157919450631
0.57159231809971045,4.1929247601910449
0.57252714877593347,2.6756295539297992
0.57332015120424373,1.817790805951524
0.57406396588573327,1.2625577428125985
0.57489943739100524,0.84193927337985397
0.57499999999998364,0.80057537676938872
0.57499999999999996,0.80057537676287416
0.57597727764210527,0.50234105443554422
0.57697727764210527,0.32042164968717807
0.5779005084421075,0.21724545850871327
0.57868545317412567,0.14548200430314717
0.57943285032215341,0.097815297012179309
0.58028001328882306,0.065879841481424728
0.58126451879745822,0.048063035952004923
0.5822517126101604,0.045996615830839388
0.58266927140086677,0.0085268772560807143
0.58266927140088343,-47.971847749090365
0.58299378284596781,-40.114216626721067
0.5833182942910522,-34.010497910400829
0.58377491313642449,-27.162125261684761
0.58434018012241884,-20.622701615501214
0.58499999999998331,-14.962837752312428
0.58499999999999996,-14.962837752191263
0.58576751922252124,-10.303923695317311
0.58676751922252124,-6.3386774594631987
0.58742977114081762,-4.593038565190338
0.58742977114083428,43.142204859656111
0.58775619303394677,36.117269447441181
0.58808261492705927,30.616920116642898
0.58855942087954916,24.220562528618203
0.58914796713026751,18.18447274425916
0.58995364670903305,12.292494375198169
0.59095364670903305,7.5649419424063788
0.59195364670903305,4.6629494507507374
0.59290369928712383,2.9534594779733578
0.59370728333311495,1.9975705404384696
0.59444647632330128,1.3903320549063973
0.5949999999999831,1.0588802329459408
0.59499999999999997,1.0588802329371978
0.59582038140063576,0.71074695543413435
0.59682038140063576,0.43850797199885228
0.59782038140063576,0.27296601815393723
0.59882038140063576,0.17575605234186137
0.59981561237860648,0.12659496103186918
0.60065039976066303,0.087485782699909809
0.60137622441119098,0.054923748517222051
0.60215372796011579,0.036496594860461008
0.60227978284589301,0.031416363628132701
0.60227978284591011,-47.967969029059596
0.60259357165043725,-40.330324514433741
0.6029073604549644,-34.366577535916413
0.60336101442278955,-27.479934035773081
0.60391705173555699,-20.956471912152601
0.60467200702101487,-14.518872418768689
0.60499999999998277,-12.378262672026203
0.60499999999999998,-12.378262671922641
0.60599999999999998,-7.6147149903147175
0.60699999999999998,-4.6863522290723489
0.60782275800865326,-3.1462489581195605
0.60782275800867058,44.685109390041951
0.60814446741560269,37.467402546838137
0.60846617682253479,31.822874796320104
0.60893435169251753,25.275446423478698
0.60951072951208363,19.087839100449571
0.61029757842477361,13.021440226868384
0.61129757842477361,8.0131820253682609
0.61229757842477361,4.9383657172511288
0.61325322011993721,3.11902310911091
0.61406067440636802,2.1060778015501009
0.61479817773442946,1.4670635320347287
0.61499999999998245,1.3272914818259773
0.61499999999999988,1.3272914818145694
0.61581491919402986,0.89326386122084667
0.61681491919402986,0.55293506053347041
0.61781491919402987,0.34858481400562341
0.61879501870399534,0.23366678327840579
0.61961942377010215,0.15812595107517638
0.62034969530865591,0.10514079847041151
0.6211412246409419,0.070897948550982026
0.6219275126946785,0.051181867950112092
0.62192751269469626,-47.955727459356304
0.62224116630211901,-40.320560286123253
0.62255481990954176,-34.359743616564138
0.62300822046313531,-27.477549007900603
0.62356390589097133,-20.958167381304129
0.62431830501325025,-14.523959111436225
0.62499999999998224,-10.426972331619755
0.625,-10.426972331529699
0.626,-6.4144803065036848
0.627,-3.9480194598756868
0.628,-2.434664877427724
0.62817884115304068,-2.2197778798870043
0.62817884115306,45.64454884359521
0.6285019096799298,38.233418136169185
0.62882497820679961,32.449073494741612
0.62929009312971873,25.810798705661689
0.62986389293251455,19.516397485394975
0.63064608491074492,13.343881588663111
0.63164608491074492,8.2114872454216563
0.63264608491074492,5.0602873145821547
0.63360275591554249,3.1941384153206429
0.63441092108719777,2.1561490139479575
0.6349999999999818,1.6106371820173686
0.6349999999999999,1.6106371820030305
0.63573719168939069,1.1247706255334833
0.63673719168939069,0.69387393518282325
0.63773719168939069,0.43175152706061715
0.63873719168939069,0.2775715595209019
0.63965151991376612,0.18986123917619188
0.64043022129901694,0.12662961770398262
0.64118033845397659,0.084878500768222204
0.64160008616386321,0.062212104345255127
0.64160008616388142,-47.929143639707
0.64191417845127197,-40.293764864322554
0.64222827073866251,-34.331240727351918
0.64268232931525282,-27.446685675307574
0.6432389771774103,-20.925002515919196
0.64399487800590649,-14.490430398388167
0.64499487800590649,-8.9166270443710278
0.6449999999999817,-8.8943701993936877
0.64500000000000002,-8.8943701993141886
0.64600000000000002,-5.4799457314238902
0.64696420214051087,-3.4457569815564537
0.64777756807827724,-2.3207875057067087
0.64851044365505284,-1.6204038151248414
0.64851044365507127,46.297777743130872
0.64883430250163587,38.747199084901254
0.64915816134820048,32.867552136389641
0.64962010929978353,26.182761399293202
0.65019087831332112,19.826500973337467
0.6509677958197857,13.590603022916625
0.6519677958197857,8.3632184451693412
0.6529677958197857,5.1535613632370669
0.65392552026781714,3.2511550561481788
0.6547344131965005,2.1939544484001177
0.65499999999998126,1.9202904504651288
0.65499999999999992,1.9202904504473712
0.65573687337809361,1.3405427278080175
0.65673187578188874,0.83041138770392164
0.65773187578188874,0.52023753076609214
0.65869072537374806,0.34204504443850459
0.65950046738359147,0.23048540786877456
0.66023707033475665,0.15639357222402692
0.66104886655358763,0.10539881586146127
0.66129001344786742,0.086515239037135358
0.66129001344788629,-47.902175863399385
0.66160409465205805,-40.272151765332673
0.66191817585622981,-34.313262416882139
0.66237237139712646,-27.430559329075685
0.66292916278960801,-20.911269311686095
0.66368530867806907,-14.479200719158234
0.66468530867806908,-8.9097202225757659
0.66499999999998105,-7.6432272348987542
0.66499999999999992,-7.6432272348285446
0.66599999999999993,-4.7040263899640049
0.66699999999999993,-2.9002290849954644
0.66799999999999993,-1.8005261814317719
0.66882511453183691,-1.2129165293318303
0.668825114531856,46.757077824422971
0.66915162088357139,39.061197397304994
0.66947812723528677,33.08735034127637
0.66993790681022602,26.38545321231787
0.67050778128682409,19.988562395423255
0.67128247457067136,13.716470676078682
0.67228247457067136,8.4406293758620397
0.67328247457067136,5.2011570386960342
0.67424056398068788,3.2804869738824762
0.67499999999998084,2.2626365017446464
0.67500000000000004,2.2626365017228274
0.67580914476342824,1.5267943098035131
0.67666826966978255,1.0076773683011913
0.67759261594747178,0.64869074407321303
0.67851653653415445,0.42235779334788009
0.67937139992876894,0.28249439959145961
0.68017342474755205,0.19063356915285762
0.68099225197812796,0.12877320486280233
0.68099225197814728,-47.875288776174628
0.68130800370342193,-40.209643699373807
0.68162375542869658,-34.231343345210242
0.68207786024406925,-27.366705391172989
0.68263548006174946,-20.854274828212677
0.68339255939532717,-14.433206803213285
0.68439255939532717,-8.8814315516185509
0.68499999999998062,-6.6081634383995915
0.68500000000000005,-6.6081634383371268
0.68600000000000005,-4.0663767851211921
0.68700000000000006,-2.5055942214384497
0.68800000000000006,-1.5519149353695505
0.68893434893511762,-0.99911968431603859
0.68912796984737335,-0.89134235949084528
0.68912796984739288,47.062230219499497
0.68945401720795774,39.330615687059364
0.68978006456852259,33.324339036284343
0.6902397041132815,26.576509907761661
0.69080916558766303,20.137380008829869
0.69158329424474807,13.822377717380959
0.69258329424474807,8.5057682644566945
0.69358329424474807,5.2412172438070934
0.69454149108704277,3.3054707311625782
0.69499999999998019,2.6308047166112143
0.69499999999999995,2.6308047165856521
0.69580921849355426,1.7752891139073868
0.69680921849355426,1.0972796166897385
0.69780921849355426,0.68782689862874735
0.69871038204926739,0.45453014836973715
0.69947981230473855,0.30856619290778042
0.70023395277797273,0.21120689244582344
0.7007031120793682,0.16170920234729769
0.70070311207938818,-47.8243720806583
0.70101735362818141,-40.204181514679625
0.70133159517697463,-34.252990190922141
0.7017860607082943,-27.378942401704204
0.70234323620090844,-20.86806703473372
0.70309998511823146,-14.44506476658565
0.70409998511823146,-8.8887247267354006
0.70499999999998009,-5.7426225268150066
0.70500000000000007,-5.7426225267587983
0.70600000000000007,-3.5439120181140296
0.70691837664143131,-2.280228059377341
0.70769988139796003,-1.5564693912039012
0.70844872363405031,-1.0784378071810807
0.7093008350226212,-0.71397542788168944
0.70942279178804879,-0.66893096344045422
0.709422791788069,47.293375902989879
0.70973833793019037,39.738090499510534
0.71005388407231174,33.837187774009557
0.7105104617216994,27.0201945320186
0.7110706722723622,20.56463024569744
0.71183217104271801,14.202293822243972
0.71283217104271801,8.7394094383188659
0.71383217104271801,5.384835742210881
0.71479217671446249,3.3927899893175963
0.71499999999997965,3.0561930949091423
0.71499999999999997,3.0561930948782416
0.71581046751012045,2.0610812219068237
0.71667295557117261,1.3575199800145195
0.71759880508402552,0.87147326549408055
0.71852020693707475,0.56515547508772546
0.71937166655033646,0.37704575685286135
0.72017336934004372,0.25469537444645907
0.72041969072433942,0.21707474574373098
0.72041969072435985,-47.767638867953394
0.72073589722578457,-40.115683043532158
0.72105210372720929,-34.145816214795445
0.72150715362681517,-27.286605435450909
0.72206606090471637,-20.780426763536497
0.72282518345542079,-14.367865887203857
0.7238251834554208,-8.8412449183554003
0.7248251834554208,-5.4474622697625144
0.72499999999997933,-4.9986371083021526
0.72499999999999998,-4.9986371082515397
0.72596021576001368,-3.1426428790797156
0.72688635498149856,-2.0139952922674476
0.72770856935458295,-1.351529640142948
0.72848297739756551,-0.92537472094745232
0.7293169693737247,-0.61781872292602147
0.72971260170182728,-0.498606884045254
0.72971260170184793,47.46060693894983
0.73002827124300251,39.876951519341389
0.7303439407841571,33.953719137805791
0.73080032367670422,27.115984998911337
0.73136039017131638,20.639002515798754
0.73212161264017084,14.255568120662799
0.73312161264017084,8.7721767617217399
0.73412161264017084,5.404988948750157
0.73499999999997911,3.5322477346670924
0.73499999999999999,3.5322477346303174
0.73596003160844548,2.2321182065027649
0.73675861806643461,1.5124271000076517
0.73748573351421287,1.0570349775146661
0.73829970961044389,0.71173174374983306
0.73927452976808961,0.44883211856766952
0.74013954164093676,0.30830777495787443
0.74013954164095785,-47.70781052852869
0.74045600905037046,-40.050245611733288
0.74077247645978306,-34.082899823759703
0.7412266581423681,-27.247013753268387
0.74178475969563573,-20.758212336405073
0.74254245229101601,-14.362450045174914
0.74354245229101601,-8.8379114990331313
0.74454245229101601,-5.4454065023892984
0.74499999999997879,-4.3519847602107049
0.745,-4.351984760165684
0.74596032717161265,-2.7319150872895301
0.74696032717161265,-1.6884666386462697
0.74794901071272302,-1.0620551347358487
0.74877928527077164,-0.71184790875304615
0.74950700269546922,-0.49359301635189806
0.75,-0.38266853220517821
0.75000000000002132,47.59488544815148
0.750315571436866,39.986108431702526
0.75063114287371069,34.046488546548183
0.75108662499443013,27.201382602963033
0.75164565166082953,20.714315347206512
0.7524051509498072,14.319538802098617
0.7534051509498072,8.8115206190712279
0.7544051509498072,5.429181008949362
0.75499999999997858,4.0590249730959078
0.755,4.059024973053468
0.75596018475233062,2.5483551858904003
0.75696018475233062,1.5754715443815874
0.75795110643066321,0.99126808615644668
0.75878291689802568,0.66429748651003229
0.75950997890637895,0.46023427839448294
0.75986045835905514,0.38075462598372778
0.75986045835907667,-47.594781928942623
0.76017610399831848,-39.985095503289209
0.76049174963756028,-34.044617796030899
0.76094731591624343,-27.198875362037466
0.76150647596926413,-20.711086066054772
0.76226617933572427,-14.315891032477257
0.76326617933572427,-8.8092773054265745
0.76426617933572427,-5.4278020395740194
0.76499999999997825,-3.795640055803621
0.76500000000000001,-3.7956400557631245
0.76596016750237494,-2.386349685307763
0.76693944098322242,-1.4963976175882177
0.76780020957955031,-0.99054736882056593
0.76855790355706999,-0.68107681929980524
0.76933912695898266,-0.4646949320476268
0.77024792897690997,-0.30191850295961814
0.77028739829817183,-0.29499798281997802
0.77028739829819382,47.696628944613117
0.77060284471727114,40.069833156806851
0.77091829113634847,34.11845578898108
0.77137308053970655,27.267576877083961
0.77193127984627585,20.772952120928529
0.77268942020467113,14.369532264714868
0.77368942020467113,8.8422683082118194
0.77468942020467113,5.4480879556446995
0.77499999999997793,4.6778119107912204
0.77499999999999991,4.6778119107409601
0.77596029297218838,2.9381107331846619
0.77696029297218838,1.8202741862820209
0.77785880673597485,1.1866052901948978
0.77862635531110302,0.8128452362310209
0.77938129516360599,0.5605981334416511
0.77958030927565269,0.50391020248770513
0.7795803092756749,-47.465932176895457
0.77989530038372434,-39.892274013397902
0.78021029149177379,-33.976707133277017
0.78066615534267891,-27.140512730048272
0.78122527611255788,-20.667016847992478
0.7819850943198231,-14.284632685896096
0.78298509431982311,-8.7900511738789895
0.78398509431982311,-5.4159769174566401
0.78494525244816415,-3.4120802874495095
0.7849999999999776,-3.3186615216901725
0.78499999999999992,-3.3186615216527571
0.78581057245483565,-2.2379229576580988
0.78657807445992001,-1.5386275739372095
0.78741769246465043,-1.0240615176137162
0.78837175062427733,-0.6501133598830845
0.78934275811907462,-0.41835583010938959
0.79020350287712382,-0.28079370777297208
0.79057720821194,-0.21694467020985192
0.79057720821196242,47.766146345940335
0.79089869927339373,40.004368176859202
0.79122019033482505,33.965817816020653
0.7916764536762233,27.129527916225072
0.79223963979433931,20.618470161672452
0.79300449862098854,14.216320623139534
0.79400449862098854,8.7480448718750843
0.79499999999997728,5.4015790963157269
0.79499999999999993,5.4015790962553423
0.79599999999999993,3.3445799635196241
0.79680873099188376,2.2570639033048701
0.79751190906190095,1.5960020833638888
0.79829328373999542,1.0908225881931861
0.79926034820713265,0.68625405622715008
0.79929688792062681,0.67301408180136746
0.79929688792064946,-47.297795833155362
0.79961367912507142,-39.713326969604552
0.79993047032949338,-33.795282365703017
0.80038702411072149,-26.987435029597471
0.80094790354513667,-20.53309758039584
0.80171018338600941,-14.175151042808544
0.80271018338600941,-8.7227161332960161
0.80371018338600941,-5.3745719707635207
0.80467010906419734,-3.3864779385842625
0.80499999999997707,-2.8714584904976461
0.80499999999999994,-2.8714584904652143
0.80581041235030682,-1.9365740336993222
0.80675577991275726,-1.2279943682399668
0.80775459289192098,-0.76940326303310047
0.80864412206983072,-0.508784578950221
0.8094063069005798,-0.34663666299838136
0.81016482611608809,-0.23742641084579713
0.81087203015260545,-0.16850339382923579
0.81087203015262854,47.827968937179698
0.81118604408519535,40.208780225871656
0.81150005801776215,34.259619290255898
0.81195412276006429,27.389136968004145
0.81251073384761074,20.881462705842754
0.81326659425037517,14.460560128174956
0.81426659425037518,8.8982544539774455
0.81499999999997674,6.2285835422464135
0.81499999999999995,6.2285835421760156
0.81599999999999995,3.8347052648919009
0.81699999999999995,2.367451669734399
0.81797286235536004,1.4921524207874226
0.81879225205547435,1.0029134436729497
0.81900774802185217,0.89077262383112532
0.81900774802187548,-47.063245929147755
0.81933017720975032,-39.405551208686987
0.81965260639762516,-33.445235402563206
0.82011143423259147,-26.68169280298245
0.82067796634588697,-20.245510359392455
0.82144818333447045,-13.922963514475791
0.82244818333447045,-8.5676223188074747
0.82344818333447045,-5.2792283423413355
0.82440706748271131,-3.328276827776004
0.82499999999997664,-2.4817286320922722
0.82500000000000007,-2.4817286320636729
0.82580969343078148,-1.6743125717407645
0.82680969343078148,-1.0351191334650214
0.82780969343078148,-0.64946744642011689
0.82871262408812185,-0.42958427442678537
0.82948330094571332,-0.29131991622449205
0.83023690103577164,-0.19925552375837371
0.83110490408949422,-0.13236688873675115
0.83117488546816209,-0.12592248052978897
0.83117488546818585,47.871704129075837
0.83148914668952312,40.239984262819306
0.83180340791086038,34.282065626431063
0.8322574055795483,27.408077785932679
0.83281408061688034,20.895270530252017
0.83356998035791019,14.469847191045448
0.83456998035791019,8.9039667556645856
0.83499999999997621,7.2215075210437787
0.83499999999999996,7.2215075209603068
0.83599999999999997,4.4437141384463867
0.83699999999999997,2.7378868777942591
0.83799999999999997,1.6952787956128477
0.83870998655211138,1.2009351273481426
0.83870998655213513,-46.749840007030343
0.83903367947732999,-39.118472857270518
0.83935737240252484,-33.181980377654476
0.83981721522698138,-26.459303946191195
0.84038557470001174,-20.059117302005667
0.84115850588785401,-13.776645295129986
0.84215850588785401,-8.4776343467526623
0.84315850588785402,-5.2239007947488849
0.84411694251222069,-3.2942376003829148
0.84492632717531158,-2.2225592682878537
0.84499999999997588,-2.1411209543351295
0.84499999999999986,-2.1411209543092369
0.84573665818349919,-1.4931984342333584
0.84659576964316796,-0.98483551268644165
0.84759576964316796,-0.61366257634786203
0.84858971760193103,-0.39671523500211514
0.84942361853193005,-0.26749966757889032
0.85014981062722317,-0.18146609349539972
0.85092849086102906,-0.12318762614577751
0.85148955634492729,-0.088498784099427436
0.85148955634495149,47.902128300408357
0.85180359876938549,40.272330308426497
0.8521176411938195,34.313861601605119
0.85257176430558779,27.431924040954165
0.85312845501442902,20.913314512565929
0.85388444188104651,14.481732366543271
0.85488444188104651,8.9112771860143472
0.85499999999997567,8.4230178714426813
0.85499999999999998,8.4230178713428767
0.85599999999999998,5.1868621212598116
0.85699999999999998,3.2049608352812617
0.85787891379900538,2.0991884588907124
0.85839991383612835,1.615592251998218
0.85839991383615277,-46.295835621141407
0.85872697227451544,-38.683230977907449
0.85905403071287811,-32.764060468173653
0.85951693133978158,-26.089902561860484
0.86009056102514747,-19.729089922731067
0.86087138014526243,-13.498286560925219
0.86187138014526243,-8.3064540401813218
0.86287138014526243,-5.1186889347876035
0.86382825942233932,-3.2305152216470967
0.86463656789648602,-2.1805746888310904
0.86499999999997557,-1.8185003613220048
0.8650000000000001,-1.8185003612999999
0.86573712816386184,-1.2697608600504855
0.86673712816386184,-0.78381126060845641
0.86773712816386184,-0.48890132547889703
0.86873712816386184,-0.31715326035159891
0.86959580707905904,-0.21509741869479987
0.8703350554795114,-0.14407726158025355
0.87110210981108993,-0.097577692162138005
0.87182115884694533,-0.06926100320496284
0.8718211588469702,47.932748425734722
0.87213493723378777,40.300120960129064
0.87244871562060533,34.340758735063417
0.87290234768121733,27.459492074185871
0.87345835526875026,20.941167463577347
0.874213263253655,14.508600873694249
0.87499999999997513,9.8981891667269117
0.875,9.8981891666071746
0.876,6.0903413675290761
0.877,3.7513190740911488
0.878,2.3201384024095337
0.87807248730531662,2.233816814203168
0.87807248730534149,-45.656554707130184
0.87840037534710236,-38.139615495970702
0.87872826338886323,-32.29295709129299
0.87919345559731765,-25.687080920904574
0.87977008339855678,-19.396454737571233
0.88055567292424564,-13.240057002553565
0.88155567292424564,-8.1476454126481777
0.88255567292424564,-5.0210640493508025
0.88351145786828267,-3.1707890776672607
0.88431901012262648,-2.1409505390754289
0.8849999999999747,-1.5309305774817008
0.8849999999999999,-1.5309305774625932
0.88573745900110501,-1.068512633982998
0.88673745900110501,-0.66027087077649815
0.88773745900110501,-0.41350203124793161
0.88873745900110501,-0.27219840663610018
0.88958201246091861,-0.18500846250659084
0.89031112807074553,-0.12319308764854325
0.89108237864733431,-0.083279446168871507
0.89201193635934395,-0.056446639359667886
0.89217724199133353,-0.044402512252406857
0.89217724199135884,47.949010451429437
0.89249218598341451,40.291876601266438
0.89280712997547018,34.315539180285803
0.89326126926783178,27.433453778586198
0.89381847823674154,20.909293004218981
0.8945750890427695,14.474572263199651
0.89499999999997448,11.772542087483805
0.89499999999999991,11.7725420873383
0.89599999999999991,7.2418372223529541
0.89699999999999991,4.4562474900395115
0.89772021715409878,3.1398377326520022
0.89772021715413042,-44.682244182065361
0.89804215251462949,-37.463499712246048
0.89836408787512856,-31.817011577308339
0.89883268224141144,-25.266007500470064
0.89940964844130211,-19.075336880727772
0.90019741349685622,-13.007136254573604
0.90119741349685623,-8.0043887047244251
0.90219741349685623,-4.9329685958841942
0.90315282785759099,-3.1159559101147116
0.90396012478091403,-2.1041489234549586
0.90469769665118949,-1.465676487440505
0.90499999999997405,-1.2620775568367297
0.9049999999999998,-1.2620775568207652
0.90581514053126622,-0.84927476168905325
0.90681514053126622,-0.52477185647288682
0.90781514053126622,-0.32858560202411813
0.90881514053126622,-0.21616061907547107
0.90970117360281255,-0.14967264188737706
0.91045990780852704,-0.098590769326908079
0.91121867816037816,-0.065913082898980069
0.91210432355346316,-0.045056774160121979
0.91257022885916106,-0.022075244614722087
0.91257022885918704,47.959180563901803
0.91288489618407287,40.310014322839322
0.9131995635089587,34.336664758135377
0.91365402499888082,27.446265797167442
0.91421143265005578,20.917093668827718
0.91496845509806723,14.477085854346608
0.91499999999997406,14.256615192828619
0.91500000000000004,14.256615192648447
0.91600000000000004,8.7723738070930146
0.91700000000000004,5.4040288639476355
0.9173307285991118,4.5743983656578626
0.917330728599138,-43.13068930980684
0.91766417917691478,-35.986189389549061
0.91799762975469157,-30.406672956106046
0.91847737197439361,-24.023439079914617
0.91907324816186953,-17.973057574773371
0.91988907971724476,-12.08996079649339
0.92088907971724476,-7.4404555366078577
0.92188907971724476,-4.5865923034046432
0.92283512548770286,-2.910652817878884
0.92363592874936395,-1.9709630107206519
0.92437633443295442,-1.3711070555011862
0.92499999999997362,-1.0094790739750739
0.92499999999999993,-1.009479073962058
0.92582432375519086,-0.67632700438502669
0.92682432375519086,-0.41760982078823361
0.92782432375519086,-0.26077194042084656
0.92882432375519086,-0.16985210886727342
0.92978342494843602,-0.12218321041966507
0.93059334646685465,-0.082167245658053362
0.93132987903676023,-0.052699357945303907
0.93214143092008972,-0.035506599884265147
0.93302407990949787,-0.028911126593640188
0.9330240799095243,47.984678773064545
0.93333756678398749,40.346360960942334
0.93365105365845069,34.383814284166668
0.9341041447084778,27.500642555719388
0.93465939954841248,20.980101402365786
0.93499999999997341,17.77658910790591
0.93499999999999994,17.776589107676543
0.93575371883500136,12.32387760595914
0.93675371883500136,7.5812133754992495
0.93688010101337749,7.1282120238669826
0.93688010101340413,-40.461593022916652
0.93721533841388194,-33.770410000052344
0.93755057581435974,-28.522296156516724
0.9380434871199218,-22.39492218122756
0.93865490058347523,-16.629642863755144
0.93949527786901621,-11.054050801766357
0.94049527786901621,-6.8035416889733495
0.94149527786901621,-4.1954488916014778
0.9424303455980052,-2.6769451146459957
0.94322351329339493,-1.8185557798049297
0.94396725582576235,-1.2631263232255827
0.94480249000723959,-0.84240797798359968
0.94499999999997297,-0.76335943753604496
0.94499999999999984,-0.76335943752588997
0.94597712861507333,-0.47784797823841874
0.94697712861507333,-0.30181061861712999
0.94797144881545614,-0.20432820208802072
0.94880561046491341,-0.13924082542557176
0.94953169918545088,-0.09133315515960691
0.95031003744596243,-0.061452023034774733
0.95125000455508324,-0.042744328322836513
0.95225000455508324,-0.037548534569000841
0.95317625041176934,-0.036870108112594779
0.95360047825208538,-0.0074579752504595094
0.95360047825211247,47.98459270321041
0.95392416123742918,40.138559676774506
0.95424784422274589,34.043438694036766
0.95470387007751567,27.195527725445384
0.95499999999997298,23.536430535339704
0.95500000000000007,23.536430535029091
0.95556414968816239,17.887426599436051
0.95630668446343303,12.469029976334671
0.95630668446346012,-34.815935498086681
0.95666784227032642,-28.792529727074303
0.95702900007719272,-24.050183040974908
0.95756919327116541,-18.468828981904696
0.95824882846920734,-13.269919671577068
0.95918460643241366,-8.4229370940849826
0.96018460643241366,-5.187208908696598
0.96118460643241366,-3.2061332242125915
0.96205243145885411,-2.1100494869688706
0.96279819093585617,-1.4627949715668453
0.96356246940676227,-1.0070884405277543
0.96446734422068703,-0.65149021332662049
0.96499999999997255,-0.49962010314377675
0.96499999999999997,-0.49962010313703159
0.96599999999999997,-0.30901431696323833
0.96699999999999997,-0.19420220453633771
0.96799999999999997,-0.12945070581924445
0.968948428304375,-0.096419918724312631
0.96975094970149456,-0.064175890734280983
0.97049069613778449,-0.040504104430189675
0.97131266560378215,-0.027475533528222559
0.97228131896526804,-0.022953672467198288
0.97328131896526804,-0.02939426481522403
0.97415270851888347,-0.026838600438184257
0.97490103583986021,-0.013072301334995512
0.97490993071616194,-0.012754311794739851
0.9749099307161897,48.002159177517328
0.97499999999997222,45.562985267037497
0.97499999999999998,45.562985266321576
0.97500000000002773,-1.7854436329499066
0.97534488996407154,-1.6855086869439637
0.97583480566221692,-1.3788996215712457
0.97644867751951936,-1.0312443905408917
0.97729053425638823,-0.68446416012409139
0.97829053425638823,-0.41652811585450977
0.97929053425638823,-0.24538256120432056
0.98022423801443859,-0.1423023706576011
0.98101651197172701,-0.098993785439951937
0.98176072572881579,-0.072670884079105158
0.98259731889527557,-0.047633138174012983
0.98357522579135603,-0.023013785371764531
0.98456973817440485,0.0019287280502780224
0.98499999999997201,-0.011722024649690155
0.98499999999999999,-0.011722024649947795
0.98585468849961821,-0.0066078796192571704
0.98685468849961822,0.0033128678437652631
0.98785468849961822,0.019883605484603717
0.98869939564563103,0.017655311172290133
0.98942862354571215,0.0057791790587420344
0.99019983061251804,0.002566506540853046
0.99112922465831743,0.0050685484632494379
0.99212922465831743,0.013747736075962566
0.99306615193767267,0.022558275311317488
0.99386067121741184,0.01338631784051586
0.99460390221199202,0.0054862289862881441
0.99499999999997157,0.0011561954531103466
0.99499999999999988,0.0011561954529738061
0.99583336790577526,0.00092151344984590933
0.99683336790577526,0.0023803027265929741
0.99783336790577526,0.0058510316186883987
0.99883336790577526,0.014211145966666228
0.99977061066393225,0.022877044030606558
0.99999999999997158,0.0095442786707701181
1,0.0095442786697354787
